{
  "urls": [
    "..\\FartSprite.ogg",
    "..\\FartSprite.m4a",
    "..\\FartSprite.mp3",
    "..\\FartSprite.ac3"
  ],
  "sprite": {
    "baseFart": [
      0,
      335.98639455782313
    ],
    "bassFart": [
      2000,
      3761.632653061224
    ],
    "deepFart": [
      7000,
      6947.210884353741
    ],
    "dryFart": [
      15000,
      313.4693877551023
    ],
    "hatdance": [
      17000,
      143333.8775510204,
      true
    ],
    "hippoFart": [
      162000,
      9013.310657596377
    ],
    "persFart": [
      173000,
      1681.224489795909
    ],
    "wcFart": [
      176000,
      1010.1814058956791
    ],
    "mlgFart": [
      179000,
      312.0181405895721
    ]
  }
}